City_ID,City,Country,Date,Lat,Lng,Max Temp,Humidity,Cloudiness,Wind Speed
0,Ushuaia,AR,2021-10-17 02:03:52,-54.8,-68.3,26.91,97,88,4.23
1,Punta Arenas,CL,2021-10-17 02:03:52,-53.15,-70.9167,41.11,75,76,16.51
2,Caraquet,CA,2021-10-17 02:03:53,47.7941,-64.9386,54.34,97,100,17.49
3,East London,ZA,2021-10-17 02:02:32,-33.0153,27.9116,56.57,54,1,19.06
4,Provideniya,RU,2021-10-17 02:03:54,64.3833,-173.3,29.75,85,100,25.46
5,Olaya,CO,2021-10-17 02:03:54,6.6276,-75.8127,72.37,96,67,1.7
6,Norman Wells,CA,2021-10-17 02:03:54,65.282,-126.8329,25.45,95,100,7.4
7,Sao Joao Da Barra,BR,2021-10-17 02:03:55,-21.6403,-41.0511,73.85,93,100,6.24
8,Grindavik,IS,2021-10-17 02:03:55,63.8424,-22.4338,37.87,87,90,16.11
9,Chokurdakh,RU,2021-10-17 02:03:55,70.6333,147.9167,-2.29,99,89,1.39
10,Rikitea,PF,2021-10-17 02:02:05,-23.1203,-134.9692,75.49,78,12,10.4
11,Inhambane,MZ,2021-10-17 02:03:56,-23.865,35.3833,74.37,94,6,4.88
12,Albany,US,2021-10-17 02:02:18,42.6001,-73.9662,56.84,93,100,7.02
13,Nouadhibou,MR,2021-10-17 02:03:57,20.931,-17.0347,73.44,70,95,15.97
14,Cape Town,ZA,2021-10-17 02:03:57,-33.9258,18.4232,57.11,72,44,1.01
15,Kapaa,US,2021-10-17 02:03:58,22.0752,-159.319,82.38,76,75,5.01
16,New Norfolk,AU,2021-10-17 02:03:58,-42.7826,147.0587,61.66,48,100,5.01
17,Yar-Sale,RU,2021-10-17 02:03:58,66.8333,70.8333,39.69,91,100,15.43
18,Vaini,TO,2021-10-17 02:03:59,-21.2,-175.2,77.16,88,75,11.5
19,Beringovskiy,RU,2021-10-17 02:03:59,63.05,179.3167,32.94,81,100,31.76
20,Bredasdorp,ZA,2021-10-17 02:04:00,-34.5322,20.0403,51.28,80,76,9.95
21,Qaanaaq,GL,2021-10-17 02:04:00,77.484,-69.3632,22.26,91,100,9.82
22,Tuktoyaktuk,CA,2021-10-17 02:04:01,69.4541,-133.0374,27.05,79,100,3.4
23,Kitimat,CA,2021-10-17 02:04:01,54.0524,-128.6534,44.98,27,100,2.17
24,Sorland,NO,2021-10-17 02:04:02,67.667,12.6934,43.29,65,96,15.28
25,Viedma,AR,2021-10-17 02:04:02,-40.8135,-62.9967,51.75,52,100,8.1
26,Goba,ET,2021-10-17 02:04:03,7.0167,39.9833,45.61,76,7,5.68
27,Caravelas,BR,2021-10-17 02:04:03,-17.7125,-39.2481,75.54,82,98,10.42
28,Olafsvik,IS,2021-10-17 02:04:04,64.8945,-23.7142,36.21,79,100,17.78
29,Jamestown,US,2021-10-17 02:04:04,42.097,-79.2353,54.99,86,90,3.0
30,Kulykiv,UA,2021-10-17 02:04:05,50.3142,24.8176,43.68,63,100,6.26
31,Khatanga,RU,2021-10-17 02:04:05,71.9667,102.5,14.0,91,100,6.35
32,Ferrol,ES,2021-10-17 02:04:05,43.4832,-8.2369,64.72,84,56,9.86
33,Busselton,AU,2021-10-17 02:04:06,-33.65,115.3333,65.05,66,100,9.98
34,Stromness,GB,2021-10-17 02:04:06,58.965,-3.296,48.45,68,100,7.09
35,Airai,TL,2021-10-17 02:04:06,-8.9266,125.4092,78.22,48,5,1.79
36,Cabo San Lucas,MX,2021-10-17 02:02:52,22.8909,-109.9124,83.61,78,30,5.61
37,Atuona,PF,2021-10-17 02:04:07,-9.8,-139.0333,77.95,78,51,18.16
38,Avarua,CK,2021-10-17 02:04:07,-21.2078,-159.775,82.45,74,40,8.05
39,Narsaq,GL,2021-10-17 02:04:08,60.9167,-46.05,43.02,52,100,8.88
40,Esil,KZ,2021-10-17 02:04:09,51.9556,66.4042,43.21,61,12,6.69
41,Thompson,CA,2021-10-17 02:04:09,55.7435,-97.8558,40.39,88,86,7.47
42,Yellowknife,CA,2021-10-17 02:01:07,62.456,-114.3525,33.42,100,100,5.01
43,Georgetown,MY,2021-10-17 02:00:17,5.4112,100.3354,85.89,75,35,10.36
44,Cidreira,BR,2021-10-17 02:04:10,-30.1811,-50.2056,60.44,72,100,6.33
45,Chuy,UY,2021-10-17 02:04:11,-33.6971,-53.4616,48.4,70,10,2.84
46,Korla,CN,2021-10-17 02:00:29,41.7597,86.1469,49.95,30,5,3.74
47,Calama,CL,2021-10-17 02:01:04,-22.4667,-68.9333,49.93,29,0,2.17
48,Nemuro,JP,2021-10-17 02:04:11,43.3236,145.575,45.32,79,100,17.52
49,Lavrentiya,RU,2021-10-17 02:04:12,65.5833,-171.0,29.1,77,100,21.59
50,San Policarpo,PH,2021-10-17 02:04:13,12.1791,125.5072,83.35,77,79,8.79
51,Willemstad,CW,2021-10-17 02:00:48,12.1084,-68.9335,83.77,82,97,13.69
52,Usinsk,RU,2021-10-17 02:04:13,65.9939,57.5281,38.43,98,100,18.3
53,Esso,RU,2021-10-17 02:04:14,55.9333,158.7,24.19,82,34,1.16
54,Hofn,IS,2021-10-17 02:04:14,64.2539,-15.2082,34.9,80,100,10.92
55,Plettenberg Bay,ZA,2021-10-17 02:04:15,-34.0527,23.3716,51.26,71,89,11.01
56,Shubarkuduk,KZ,2021-10-17 02:04:15,49.1447,56.4872,49.01,41,93,8.01
57,Hermanus,ZA,2021-10-17 02:04:16,-34.4187,19.2345,51.91,76,100,11.36
58,Mataura,NZ,2021-10-17 02:04:16,-46.1927,168.8643,65.25,52,100,9.46
59,Hithadhoo,MV,2021-10-17 02:04:16,-0.6,73.0833,82.98,77,100,16.13
60,Egvekinot,RU,2021-10-17 02:04:17,66.3167,-179.1667,16.61,83,43,14.12
61,Kahului,US,2021-10-17 02:04:17,20.8947,-156.47,82.42,68,40,19.57
62,Sitka,US,2021-10-17 02:04:18,57.0531,-135.33,41.74,77,11,2.01
63,Bucyrus,US,2021-10-17 02:04:18,40.8084,-82.9755,52.77,70,62,10.98
64,Bunia,CD,2021-10-17 02:04:19,1.5667,30.25,61.75,96,97,3.2
65,Saskylakh,RU,2021-10-17 02:04:19,71.9167,114.0833,5.61,95,100,4.5
66,Kavaratti,IN,2021-10-17 02:04:19,10.5669,72.642,81.25,80,99,14.25
67,Elko,US,2021-10-17 02:04:20,41.0002,-115.5012,55.42,25,4,6.06
68,Lata,PT,2021-10-17 02:04:20,40.1629,-8.3327,63.91,84,100,2.62
69,Nikolskoye,RU,2021-10-17 02:04:21,59.7035,30.7861,42.87,77,96,12.12
70,Yaring,TH,2021-10-17 02:04:21,6.8662,101.3689,83.26,74,98,4.05
71,Pevek,RU,2021-10-17 02:04:22,69.7008,170.3133,11.37,89,87,3.53
72,Souillac,MU,2021-10-17 02:04:22,-20.5167,57.5167,70.36,87,38,9.22
73,Butaritari,KI,2021-10-17 02:04:22,3.0707,172.7902,82.04,68,11,11.79
74,Hilo,US,2021-10-17 02:04:23,19.7297,-155.09,74.8,87,90,4.61
75,Lamar,US,2021-10-17 02:04:23,33.6668,-95.5836,56.86,70,1,5.75
76,Tibu,CO,2021-10-17 02:04:23,8.639,-72.7358,74.53,98,100,1.61
77,Bethel,US,2021-10-17 02:00:18,41.3712,-73.414,64.94,90,90,3.0
78,Kaitangata,NZ,2021-10-17 02:04:24,-46.2817,169.8464,64.62,52,98,4.5
79,Luderitz,NA,2021-10-17 02:02:13,-26.6481,15.1594,53.62,65,38,22.28
80,Mao,ES,2021-10-17 02:04:25,39.8885,4.2658,59.56,88,0,2.3
81,Issoire,FR,2021-10-17 02:04:25,45.55,3.25,42.06,86,3,5.3
82,Puerto Ayora,EC,2021-10-17 02:04:26,-0.7393,-90.3518,68.56,95,84,8.01
83,Novyy Urgal,RU,2021-10-17 02:04:26,51.0736,132.5642,25.83,58,49,4.23
84,Benemerito De Las Americas,MX,2021-10-17 02:04:27,16.5167,-90.6439,72.27,98,91,2.84
85,Port Hardy,CA,2021-10-17 02:00:42,50.6996,-127.4199,48.33,95,100,8.25
86,Port Elizabeth,ZA,2021-10-17 02:00:54,-33.918,25.5701,51.1,62,66,17.25
87,Itarema,BR,2021-10-17 02:04:27,-2.9248,-39.9167,79.74,78,64,15.57
88,Saint-Philippe,RE,2021-10-17 02:04:28,-21.3585,55.7679,72.95,72,3,11.3
89,Bluff,NZ,2021-10-17 02:01:47,-46.6,168.3333,56.16,76,99,8.16
90,Fairbanks,US,2021-10-17 02:04:28,64.8378,-147.7164,31.1,85,90,0.0
91,Rawson,AR,2021-10-17 02:04:29,-43.3002,-65.1023,59.2,36,88,10.56
92,Quillota,CL,2021-10-17 02:04:29,-32.8833,-71.2667,53.62,80,0,0.43
93,Dunedin,NZ,2021-10-17 01:59:45,-45.8742,170.5036,66.42,51,69,10.11
94,Noumea,NC,2021-10-17 02:00:16,-22.2763,166.4572,87.78,74,29,6.91
95,Dikson,RU,2021-10-17 02:04:30,73.5069,80.5464,30.92,98,100,12.57
96,Upernavik,GL,2021-10-17 02:04:30,72.7868,-56.1549,20.5,56,49,7.49
97,Castro,BR,2021-10-17 02:01:26,-24.7911,-50.0119,58.77,98,100,8.75
98,Gejiu,CN,2021-10-17 02:04:30,23.306,103.1635,45.97,85,100,4.54
99,Ribeira Grande,PT,2021-10-17 02:04:31,38.5167,-28.7,70.63,91,100,21.23
100,Kavieng,PG,2021-10-17 02:04:31,-2.5744,150.7967,86.7,60,53,10.49
101,Kargil,IN,2021-10-17 02:04:32,34.5667,76.1,41.83,43,72,2.13
102,Alofi,NU,2021-10-17 02:04:32,-19.0595,-169.9187,78.3,71,16,13.71
103,Mar Del Plata,AR,2021-10-17 02:04:32,-38.0023,-57.5575,58.08,65,0,1.01
104,Kiama,AU,2021-10-17 02:04:33,-34.6833,150.8667,72.0,56,8,5.99
105,Ancud,CL,2021-10-17 02:04:33,-41.8697,-73.8203,49.42,90,89,6.49
106,Port Alfred,ZA,2021-10-17 02:04:34,-33.5906,26.891,55.06,61,13,21.39
107,Oliveira Dos Brejinhos,BR,2021-10-17 02:04:34,-12.3169,-42.8961,77.0,44,92,4.32
108,Posyet,RU,2021-10-17 02:04:35,42.6508,130.8046,38.84,31,0,17.43
109,Cabadiangan,PH,2021-10-17 02:04:35,9.7531,122.4739,86.86,69,95,2.15
110,Pemberton,CA,2021-10-17 02:01:04,50.3164,-122.8027,46.11,100,100,0.89
111,Tuatapere,NZ,2021-10-17 02:04:36,-46.1333,167.6833,60.12,66,95,6.8
112,Jalu,LY,2021-10-17 02:04:36,29.0331,21.5482,64.4,68,0,7.02
113,Kamaishi,JP,2021-10-17 02:04:37,39.2667,141.8833,54.23,67,100,6.64
114,Pisco,PE,2021-10-17 02:04:37,-13.7,-76.2167,62.02,82,99,18.41
115,Isangel,VU,2021-10-17 02:04:37,-19.55,169.2667,74.68,94,100,3.29
116,Elliot,ZA,2021-10-17 02:04:38,-31.3333,27.85,38.37,83,78,1.68
117,Iqaluit,CA,2021-10-17 02:04:38,63.7506,-68.5145,29.7,68,0,3.0
118,Danjiangkou,CN,2021-10-17 02:04:39,32.5428,111.5086,51.91,57,100,5.55
119,Mahebourg,MU,2021-10-17 02:04:39,-20.4081,57.7,70.25,83,74,12.39
120,Port Lincoln,AU,2021-10-17 02:01:04,-34.7333,135.8667,63.41,62,75,10.0
121,Leningradskiy,RU,2021-10-17 02:04:40,69.3833,178.4167,17.26,95,100,4.72
122,Lebu,CL,2021-10-17 02:03:20,-37.6167,-73.65,50.36,85,0,13.62
123,Sar-E Pul,AF,2021-10-17 02:04:40,35.8333,66.1667,41.34,31,100,0.22
124,Bambous Virieux,MU,2021-10-17 02:04:41,-20.3428,57.7575,70.21,82,81,12.71
125,Paidha,UG,2021-10-17 02:04:41,2.4167,30.9855,59.7,88,99,2.77
126,Ampanihy,MG,2021-10-17 02:04:42,-24.7,44.75,69.3,79,0,5.66
127,Fort Nelson,CA,2021-10-17 02:00:28,58.8053,-122.7002,37.26,69,100,2.1
128,Wamba,NG,2021-10-17 02:04:42,8.9333,8.6,72.3,89,100,2.15
129,Saltpond,GH,2021-10-17 02:04:43,5.2091,-1.0606,77.88,90,36,8.66
130,Neiafu,TO,2021-10-17 02:04:43,-18.65,-173.9833,83.08,69,20,6.91
131,Aksu,CN,2021-10-17 02:00:25,41.1231,80.2644,49.14,22,43,2.89
132,Saldanha,ZA,2021-10-17 02:04:44,-33.0117,17.9442,56.17,64,100,12.08
133,Vardo,NO,2021-10-17 02:04:44,70.3705,31.1107,42.91,80,100,24.32
134,Cayenne,GF,2021-10-17 02:04:45,4.9333,-52.3333,82.44,87,75,1.01
135,Tiksi,RU,2021-10-17 02:04:45,71.6872,128.8694,11.23,87,100,7.07
136,Prescott,US,2021-10-17 02:04:45,34.54,-112.4685,63.16,32,1,1.01
137,Karratha,AU,2021-10-17 02:04:46,-20.7377,116.8463,83.25,35,44,13.15
138,Ayan,RU,2021-10-17 02:04:46,56.45,138.1667,27.75,43,87,10.36
139,North Platte,US,2021-10-17 02:03:14,41.1239,-100.7654,58.37,58,1,4.0
140,Laguna,US,2021-10-17 02:04:47,38.421,-121.4238,75.34,37,1,5.75
141,Hovd,MN,2021-10-17 02:04:47,48.0056,91.6419,36.77,39,0,1.54
142,Mariental,NA,2021-10-17 02:04:48,-24.6333,17.9667,49.68,32,0,9.93
143,Evensk,RU,2021-10-17 02:04:48,61.95,159.2333,20.57,50,96,5.03
144,Agropoli,IT,2021-10-17 02:04:49,40.3469,14.9966,61.29,70,100,4.27
145,Huarmey,PE,2021-10-17 02:04:49,-10.0681,-78.1522,65.12,84,100,11.63
146,Guerrero Negro,MX,2021-10-17 02:04:50,27.9769,-114.0611,73.38,52,0,10.94
147,Liverpool,GB,2021-10-17 02:04:17,53.4106,-2.9779,55.69,87,20,1.99
148,Gemena,CD,2021-10-17 02:04:51,3.25,19.7667,69.12,99,92,1.74
149,Vila Velha,BR,2021-10-17 02:04:51,-20.3297,-40.2925,78.75,78,20,14.97
150,Zhangjiakou,CN,2021-10-17 02:04:51,40.81,114.8794,39.49,17,0,2.77
151,Jatara,IN,2021-10-17 02:04:52,25.0167,79.05,79.05,83,100,6.33
152,Moose Factory,CA,2021-10-17 02:04:52,51.2585,-80.6094,48.18,81,75,8.05
153,Jacareacanga,BR,2021-10-17 02:04:52,-6.2222,-57.7528,79.03,66,63,1.66
154,Tasiilaq,GL,2021-10-17 02:04:53,65.6145,-37.6368,21.2,68,100,4.9
155,Alugan,PH,2021-10-17 02:04:53,12.2188,125.4808,83.21,78,75,8.72
156,Durango,MX,2021-10-17 02:03:40,24.8333,-104.8333,57.65,91,100,4.05
157,Bonavista,CA,2021-10-17 02:04:54,48.6499,-53.1147,44.11,91,100,25.57
158,San Cristobal,VE,2021-10-17 02:04:54,7.7669,-72.225,69.98,98,98,1.72
159,Beloha,MG,2021-10-17 02:04:54,-25.1667,45.05,69.78,78,10,5.26
160,Severo-Kurilsk,RU,2021-10-17 02:04:55,50.6789,156.125,40.78,67,100,18.03
161,Londoko,RU,2021-10-17 02:04:55,49.0333,131.9833,29.57,44,24,12.86
162,Cherskiy,RU,2021-10-17 02:04:55,68.75,161.3,-0.92,94,29,3.33
163,Mount Gambier,AU,2021-10-17 02:04:56,-37.8333,140.7667,60.57,49,72,7.43
164,Hobart,AU,2021-10-17 02:00:33,-42.8794,147.3294,62.02,52,75,3.0
165,Vaitape,PF,2021-10-17 02:04:56,-16.5167,-151.75,80.58,74,8,17.98
166,Meulaboh,ID,2021-10-17 02:04:57,4.1363,96.1285,82.89,70,95,5.12
167,Necochea,AR,2021-10-17 02:04:57,-38.5473,-58.7368,55.04,56,5,15.37
168,Iquique,CL,2021-10-17 02:02:27,-20.2208,-70.1431,59.67,79,57,2.48
169,Hoima,UG,2021-10-17 02:04:57,1.4356,31.3436,63.28,95,99,3.06
170,Tessalit,ML,2021-10-17 02:04:58,20.1986,1.0114,81.57,13,2,9.15
171,Pomoryany,UA,2021-10-17 02:04:58,49.6409,24.9307,37.11,90,17,3.56
172,Saint-Francois,FR,2021-10-17 02:04:58,46.4154,3.9054,39.67,100,6,0.0
173,Montes Altos,BR,2021-10-17 02:04:59,-5.8333,-47.0667,76.95,73,81,4.18
174,Waddan,LY,2021-10-17 02:04:59,29.1614,16.139,63.37,35,3,8.63
175,Alta Floresta,BR,2021-10-17 02:05:00,-9.8756,-56.0861,71.19,95,100,3.44
176,Marawi,PH,2021-10-17 02:05:00,7.9986,124.2928,77.65,64,70,2.46
177,Arraial Do Cabo,BR,2021-10-17 02:05:01,-22.9661,-42.0278,72.18,93,100,13.62
178,Axim,GH,2021-10-17 02:05:02,4.8699,-2.2405,77.54,89,78,6.2
179,Asau,RO,2021-10-17 02:05:03,46.4333,26.4,49.75,80,100,3.49
180,Ostrovnoy,RU,2021-10-17 02:05:04,68.0531,39.5131,38.71,70,98,15.41
181,Tananger,NO,2021-10-17 02:05:04,58.9333,5.6,44.91,78,75,0.0
182,Bengkulu,ID,2021-10-17 02:05:05,-3.8004,102.2655,79.65,78,100,3.44
183,Tianpeng,CN,2021-10-17 02:05:06,30.9866,103.9393,54.01,83,100,5.08
184,San Quintin,MX,2021-10-17 02:05:07,30.4833,-115.95,69.49,45,0,4.05
185,Hasaki,JP,2021-10-17 02:05:07,35.7333,140.8333,59.4,82,100,28.39
186,Gurgentepe,TR,2021-10-17 02:05:08,40.7883,37.6017,46.29,78,5,1.57
187,Tiznit,MA,2021-10-17 02:05:08,29.5833,-9.5,69.89,33,1,0.65
188,Flagstaff,US,2021-10-17 02:04:03,35.1981,-111.6513,57.79,39,1,4.0
189,Burns Lake,CA,2021-10-17 02:00:21,54.2331,-125.7533,37.6,96,100,1.19
190,Shaunavon,CA,2021-10-17 02:05:09,49.6501,-108.4181,54.77,35,6,10.07
191,Merauke,ID,2021-10-17 02:05:10,-8.4667,140.3333,87.12,63,82,7.78
192,Faanui,PF,2021-10-17 02:05:10,-16.4833,-151.75,80.58,74,8,18.12
193,Tual,ID,2021-10-17 02:05:10,-5.6667,132.75,83.43,77,88,9.01
194,Luanda,AO,2021-10-17 02:05:11,-8.8368,13.2343,73.74,83,100,7.4
195,Dalianwan,CN,2021-10-17 02:05:12,39.0286,121.695,51.84,37,0,6.71
196,Kautokeino,NO,2021-10-17 02:05:12,69.0125,23.0412,33.35,91,100,23.89
197,Shimanovsk,RU,2021-10-17 02:05:13,52.0,127.7,27.05,33,15,6.08
198,Deputatskiy,RU,2021-10-17 02:05:13,69.3,139.9,-3.3,98,99,1.66
199,Don Sak,TH,2021-10-17 02:05:14,9.3168,99.6918,88.11,72,100,6.42
200,Opuwo,NA,2021-10-17 02:05:14,-18.0607,13.84,63.28,26,0,4.25
201,Huejucar,MX,2021-10-17 02:05:15,22.35,-103.2167,65.25,63,84,6.4
202,Petropavlovsk-Kamchatskiy,RU,2021-10-17 02:05:15,53.0452,158.6483,41.59,33,0,4.47
203,Carnarvon,AU,2021-10-17 02:02:45,-24.8667,113.6333,69.17,59,10,6.62
204,Ponta Delgada,PT,2021-10-17 02:05:16,37.7333,-25.6667,74.12,94,75,21.85
205,Erzin,TR,2021-10-17 02:05:16,36.9559,36.2,65.12,82,4,4.56
206,Port-Gentil,GA,2021-10-17 02:05:17,-0.7193,8.7815,78.12,84,96,11.14
207,Northam,GB,2021-10-17 02:05:17,51.0333,-4.2167,57.42,92,100,7.56
208,Saint George,US,2021-10-17 02:00:50,37.1041,-113.5841,70.36,30,1,3.0
209,Lagoa,PT,2021-10-17 02:05:18,39.05,-27.9833,72.19,84,100,33.2
210,Klaksvik,FO,2021-10-17 02:05:18,62.2266,-6.589,41.92,65,55,9.01
211,Lasa,IT,2021-10-17 02:05:18,46.6166,10.7002,40.03,67,1,2.06
212,Ponta Do Sol,PT,2021-10-17 02:05:19,32.6667,-17.1,72.72,53,75,3.38
213,Lander,US,2021-10-17 02:05:20,42.833,-108.7307,49.01,54,1,0.0
214,Srednekolymsk,RU,2021-10-17 02:05:20,67.45,153.6833,10.96,89,94,8.01
215,Gat,IL,2021-10-17 02:03:04,31.61,34.7642,73.4,67,61,1.77
216,Hohhot,CN,2021-10-17 02:05:20,40.8106,111.6522,38.07,21,0,2.26
217,Comodoro Rivadavia,AR,2021-10-17 02:05:21,-45.8667,-67.5,55.26,33,0,14.97
218,Esperance,AU,2021-10-17 02:05:21,-33.8667,121.9,66.04,61,10,9.8
219,Gamba,GA,2021-10-17 02:05:22,-2.65,10.0,75.15,88,99,4.65
220,Uvat,RU,2021-10-17 02:05:22,59.1433,68.8953,41.16,87,100,6.38
221,Aswan,EG,2021-10-17 02:01:15,24.0934,32.907,81.54,19,0,12.3
222,Clyde River,CA,2021-10-17 02:05:23,70.4692,-68.5914,25.81,80,69,12.08
223,Saint-Pierre,RE,2021-10-17 02:05:23,-21.3393,55.4781,73.04,68,0,6.91
224,Mezen,RU,2021-10-17 02:05:23,65.8522,44.24,36.48,83,85,11.41
225,Sur,OM,2021-10-17 02:05:24,22.5667,59.5289,78.35,56,0,0.25
226,Xinyang,CN,2021-10-17 02:00:34,32.1228,114.0656,51.85,63,53,8.19
227,Babina,IN,2021-10-17 02:05:24,25.25,78.4667,76.71,86,100,2.48
228,Maniitsoq,GL,2021-10-17 02:05:25,65.4167,-52.9,35.04,46,0,8.57
229,Bereda,ES,2021-10-17 02:05:25,43.2686,-7.5406,62.01,92,96,3.47
230,Kibara,TZ,2021-10-17 02:05:25,-2.15,33.45,72.52,71,38,3.27
231,Yerbogachen,RU,2021-10-17 02:05:26,61.2767,108.0108,24.64,76,15,6.33
232,Santa Isabel Do Rio Negro,BR,2021-10-17 02:05:26,-0.4139,-65.0192,78.64,58,100,3.09
233,Bardiyah,LY,2021-10-17 02:05:26,31.7561,25.0865,68.11,72,0,11.03
234,Bristol,US,2021-10-17 02:01:50,41.8334,-71.1662,72.9,83,90,4.0
235,Polczyn-Zdroj,PL,2021-10-17 02:05:27,53.7642,16.0957,44.91,73,100,10.51
236,Beyneu,KZ,2021-10-17 02:05:27,45.3167,55.2,49.28,59,7,11.7
237,Srandakan,ID,2021-10-17 02:05:28,-7.9386,110.2506,69.73,67,88,8.23
238,Bucerias,MX,2021-10-17 02:02:39,20.75,-105.3333,78.3,86,4,2.06
239,Puerto Madero,MX,2021-10-17 02:05:28,14.7208,-92.4215,79.0,100,40,0.0
240,Libreville,GA,2021-10-17 02:05:28,0.3925,9.4537,80.62,83,40,9.22
241,Gaoual,GN,2021-10-17 02:05:29,11.75,-13.2,74.05,93,79,2.66
242,Carutapera,BR,2021-10-17 02:05:29,-1.195,-46.02,78.53,87,22,6.42
243,Nicoya,CR,2021-10-17 02:05:30,10.1483,-85.452,72.95,90,100,1.9
244,Poum,NC,2021-10-17 02:05:30,-20.2333,164.0167,75.61,82,16,7.25
245,Lethem,GY,2021-10-17 02:05:31,3.3803,-59.7968,83.43,49,47,6.51
246,Tromso,NO,2021-10-17 02:05:31,69.6496,18.957,36.37,96,100,1.99
247,Russell,US,2021-10-17 02:05:32,32.3502,-85.1999,60.4,76,1,5.75
248,San Andres,CO,2021-10-17 02:05:32,12.5847,-81.7006,77.02,100,75,2.3
249,Tokonou,GN,2021-10-17 02:05:32,9.65,-9.7833,67.06,98,54,3.53
250,Sola,VU,2021-10-17 02:05:33,-13.8833,167.55,81.61,73,96,5.19
251,Codrington,AU,2021-10-17 02:05:33,-38.2667,141.9667,59.38,57,92,6.35
252,Apodi,BR,2021-10-17 02:05:33,-5.6642,-37.7989,81.19,58,22,9.55
253,Makakilo City,US,2021-10-17 02:05:34,21.3469,-158.0858,80.92,60,90,8.05
254,Makasar,ID,2021-10-17 02:02:22,-5.14,119.4221,86.05,74,20,3.44
255,Touros,BR,2021-10-17 02:05:34,-5.1989,-35.4608,76.1,82,17,13.29
256,Genhe,CN,2021-10-17 02:05:35,50.7833,121.5167,25.45,56,63,4.83
257,Salamiyah,SY,2021-10-17 02:05:35,35.0113,37.0532,63.97,78,50,14.32
258,Parauna,BR,2021-10-17 02:05:36,-16.9478,-50.4486,75.51,65,63,5.32
259,Lingao,CN,2021-10-17 02:05:36,19.9103,109.6859,72.01,82,96,19.44
260,Santiago De Chuco,PE,2021-10-17 02:05:37,-8.15,-78.1833,51.82,84,91,0.78
261,Coquimbo,CL,2021-10-17 02:03:16,-29.9533,-71.3436,56.89,76,0,5.41
262,Nador,MA,2021-10-17 02:05:37,35.174,-2.9287,64.65,52,0,1.14
263,Strand,ZA,2021-10-17 02:05:38,-34.1069,18.8275,57.15,87,94,6.13
264,Pangnirtung,CA,2021-10-17 02:05:38,66.1451,-65.7125,29.08,56,20,6.78
265,Zhezkazgan,KZ,2021-10-17 02:05:38,47.8043,67.7144,40.21,51,48,6.71
266,Mangrol,IN,2021-10-17 02:05:39,21.1167,70.1167,78.15,64,100,10.11
267,Iralaya,HN,2021-10-17 02:05:39,15.0,-83.2333,80.4,80,100,6.62
268,Mayo,US,2021-10-17 02:05:39,38.8876,-76.5119,60.91,76,40,5.99
269,Kruisfontein,ZA,2021-10-17 02:05:40,-34.0033,24.7314,48.88,73,87,15.93
270,Torbay,CA,2021-10-17 02:05:40,47.6666,-52.7314,43.88,97,90,17.27
271,Orcopampa,PE,2021-10-17 02:05:41,-15.2661,-72.3417,48.18,42,97,4.27
272,Araceli,PH,2021-10-17 02:05:41,10.5529,119.9913,82.87,75,98,6.13
273,Longyearbyen,SJ,2021-10-17 02:05:42,78.2186,15.6401,24.64,63,75,20.71
274,Xiamen,CN,2021-10-17 02:05:42,24.4798,118.0819,77.25,60,34,24.16
275,Nome,US,2021-10-17 02:01:22,64.5011,-165.4064,30.16,86,90,13.8
276,Kodiak,US,2021-10-17 02:05:43,57.79,-152.4072,38.86,62,100,10.65
277,Bachaquero,VE,2021-10-17 02:05:43,9.9694,-71.1494,80.29,82,100,6.76
278,Faya,SA,2021-10-17 02:05:44,18.3851,42.4509,57.72,22,56,5.95
279,La Ronge,CA,2021-10-17 02:01:04,55.1001,-105.2842,44.62,69,99,2.64
280,Katsuura,JP,2021-10-17 02:05:44,35.1333,140.3,61.2,90,100,24.05
281,Tautira,PF,2021-10-17 02:01:45,-17.7333,-149.15,86.02,72,10,17.38
282,Nyuzen,JP,2021-10-17 02:05:45,36.9333,137.5,58.05,81,100,17.4
283,Tambo,PE,2021-10-17 02:05:45,-14.8,-73.9167,39.06,65,99,3.04
284,Christchurch,NZ,2021-10-17 02:03:51,-43.5333,172.6333,73.33,46,52,12.66
285,Zhuhai,CN,2021-10-17 02:05:46,22.2769,113.5678,78.78,73,75,24.16
286,Pinos,MX,2021-10-17 02:05:46,22.3,-101.5667,52.79,85,78,15.93
287,Manaure,CO,2021-10-17 02:05:46,11.7751,-72.4445,83.14,78,100,6.13
288,Geraldton,AU,2021-10-17 02:05:47,-28.7667,114.6,70.12,56,90,9.22
289,Port Blair,IN,2021-10-17 02:02:03,11.6667,92.75,82.26,84,95,12.93
290,Taoudenni,ML,2021-10-17 02:05:47,22.6783,-3.9836,84.56,17,95,13.42
291,Bilma,NE,2021-10-17 02:05:48,18.6853,12.9164,83.05,36,77,14.97
292,Gernsbach,DE,2021-10-17 02:05:48,48.7667,8.3333,49.42,87,90,2.3
293,Marsala,IT,2021-10-17 02:05:48,37.7966,12.4352,61.93,74,100,7.96
294,Singkang,MY,2021-10-17 02:05:49,2.1006,102.7994,86.43,68,99,1.66
295,Keti Bandar,PK,2021-10-17 02:05:49,24.1447,67.4497,79.43,54,0,10.85
296,Batemans Bay,AU,2021-10-17 02:05:50,-35.7167,150.1833,71.2,47,12,10.65
297,Malanje,AO,2021-10-17 02:05:50,-9.5402,16.341,62.17,92,32,3.91
298,Cururupu,BR,2021-10-17 02:05:50,-1.8283,-44.8683,76.15,94,54,3.87
299,Solnechnyy,RU,2021-10-17 02:05:51,50.7214,136.6319,27.18,76,100,12.71
300,Baie-Comeau,CA,2021-10-17 02:05:51,49.2168,-68.1489,55.09,100,90,21.85
301,Jacqueville,CI,2021-10-17 02:05:52,5.2052,-4.4146,80.51,85,50,8.43
302,Machaneng,BW,2021-10-17 02:05:52,-23.1862,27.4886,72.72,23,9,11.92
303,Obo,CF,2021-10-17 02:05:52,5.3998,26.4869,68.25,96,100,2.98
304,Ahuimanu,US,2021-10-17 02:05:53,21.4447,-157.8378,82.11,62,90,11.5
305,Blagoyevo,RU,2021-10-17 02:05:53,63.3667,47.9167,37.2,91,81,7.85
306,Elizabeth City,US,2021-10-17 02:05:53,36.2946,-76.2511,66.02,92,90,10.36
307,Verkhnevilyuysk,RU,2021-10-17 02:05:54,63.4453,120.3167,20.01,64,26,3.15
308,Labuhan,ID,2021-10-17 02:05:54,-6.8844,112.2051,88.45,58,69,4.54
309,Juba,SS,2021-10-17 02:05:55,4.8517,31.5825,71.42,89,62,1.7
310,Sombrerete,MX,2021-10-17 02:05:55,23.6333,-103.65,60.22,68,98,10.45
311,Namatanai,PG,2021-10-17 02:05:55,-3.6667,152.4333,86.5,65,18,9.22
312,Erdemli,TR,2021-10-17 02:05:56,36.605,34.3084,69.06,45,0,7.63
313,Chara,RU,2021-10-17 02:05:56,56.9064,118.2631,23.4,57,63,4.16
314,Marovoay,MG,2021-10-17 02:05:57,-16.1,46.6333,69.12,60,0,6.08
315,Tura,IN,2021-10-17 02:05:57,25.5198,90.2201,78.94,82,90,2.06
316,Henties Bay,NA,2021-10-17 02:05:57,-22.116,14.2845,50.86,86,0,7.31
317,Baijiantan,CN,2021-10-17 02:05:58,45.6333,85.1833,52.59,27,0,2.1
318,Maracaju,BR,2021-10-17 02:05:58,-21.6144,-55.1683,69.19,84,100,3.42
319,Varadero,CU,2021-10-17 02:05:59,23.1536,-81.2514,75.96,71,3,6.13
320,Biak,ID,2021-10-17 02:05:59,-0.9131,122.8766,85.32,65,77,1.48
321,Dumas,US,2021-10-17 02:05:59,35.8656,-101.9732,60.22,43,1,9.22
322,Novyy Svit,UA,2021-10-17 02:06:00,47.8059,38.0211,50.74,53,100,6.62
323,College,US,2021-10-17 02:06:00,64.8569,-147.8028,30.58,85,75,4.61
324,Mareeba,AU,2021-10-17 02:06:01,-17.0,145.4333,93.33,54,7,3.71
325,Trindade,BR,2021-10-17 02:06:01,-16.6494,-49.4889,76.75,62,88,3.4
326,Saint Anthony,US,2021-10-17 02:06:02,45.0205,-93.218,53.92,67,1,0.0
327,Nyurba,RU,2021-10-17 02:06:02,63.2842,118.3319,21.0,71,29,4.18
328,Joshimath,IN,2021-10-17 02:06:03,30.5667,79.5667,66.36,36,83,3.74
329,Boditi,ET,2021-10-17 02:06:03,6.9667,37.8667,53.71,72,85,3.83
330,Iquitos,PE,2021-10-17 02:06:04,-3.7481,-73.2472,75.24,94,40,1.14
331,Zhigansk,RU,2021-10-17 02:06:04,66.7697,123.3711,11.57,93,97,1.79
332,Barrow,US,2021-10-17 02:06:05,71.2906,-156.7887,21.22,73,90,11.5
333,Nagua,DO,2021-10-17 02:06:05,19.3832,-69.8474,77.45,88,87,1.32
334,Kaputa,ZM,2021-10-17 02:06:06,-8.4689,29.6619,72.93,69,100,1.01
335,Pingliang,CN,2021-10-17 02:06:06,35.5392,106.6861,43.86,88,98,7.49
336,Hondo,JP,2021-10-17 02:06:07,32.45,130.2,67.95,54,75,24.81
337,Stephenville,US,2021-10-17 02:04:02,32.2207,-98.2023,59.25,54,40,0.0
338,Leh,IN,2021-10-17 02:06:07,34.1667,77.5833,43.77,37,21,1.95
339,Brae,GB,2021-10-17 02:06:08,60.3964,-1.353,44.51,73,89,5.1
340,Filadelfia,US,2021-10-17 02:01:57,39.9523,-75.1638,60.06,91,97,1.01
341,Rudnichnyy,RU,2021-10-17 02:06:08,59.617,52.4703,42.19,77,98,11.97
342,Nanortalik,GL,2021-10-17 02:06:09,60.1432,-45.2371,37.71,71,86,4.0
343,Harwich,GB,2021-10-17 02:06:09,51.9419,1.2844,54.21,89,100,3.0
344,Tongchuan,CN,2021-10-17 02:06:10,35.0806,109.0897,49.86,66,37,6.98
345,Pangai,TO,2021-10-17 02:06:10,-19.8,-174.35,77.38,79,55,18.28
346,Izhma,RU,2021-10-17 02:06:11,65.0083,53.9113,41.38,95,100,9.71
347,Moerai,PF,2021-10-17 02:06:11,-22.4333,-151.3333,77.86,75,100,10.94
348,Ilulissat,GL,2021-10-17 02:06:12,69.2167,-51.1,21.22,38,0,1.14
349,Hoquiam,US,2021-10-17 02:06:12,46.9809,-123.8893,61.0,1,100,1.99
350,Saint-Paul,RE,2021-10-17 02:05:54,-21.0096,55.2707,73.49,86,14,1.99
351,Pulaski,US,2021-10-17 02:06:13,34.7668,-92.3001,57.87,68,1,0.0
352,Kibala,TD,2021-10-17 02:06:13,9.1104,18.3463,72.34,95,96,3.62
353,Aden,YE,2021-10-17 02:06:14,12.7794,45.0367,86.88,66,7,5.3
354,Kyra,RU,2021-10-17 02:06:14,49.5776,111.9753,38.91,49,75,13.13
355,Indramayu,ID,2021-10-17 02:06:14,-6.3264,108.32,86.13,60,100,3.29
356,Guaraniacu,BR,2021-10-17 02:06:15,-25.1008,-52.8781,59.83,92,75,3.83
357,Xichang,CN,2021-10-17 02:06:15,27.8964,102.2634,54.72,87,100,0.58
358,Manjacaze,MZ,2021-10-17 02:06:16,-24.7117,33.8828,72.95,86,88,13.04
359,Victoria,HK,2021-10-17 02:05:53,22.2855,114.1577,79.03,73,25,1.01
360,San Patricio,US,2021-10-17 02:06:16,28.017,-97.5169,72.84,53,1,7.72
361,Samagaltay,RU,2021-10-17 02:06:17,50.6022,95.0047,34.27,41,47,0.78
362,Mitsamiouli,KM,2021-10-17 02:06:17,-11.3847,43.2844,77.34,78,16,18.19
363,Sioux Lookout,CA,2021-10-17 02:06:18,50.1001,-91.917,44.8,71,9,8.86
364,Kapit,MY,2021-10-17 02:06:18,2.0167,112.9333,82.94,77,100,2.21
365,Kangaatsiaq,GL,2021-10-17 02:06:18,68.3065,-53.4641,24.15,55,0,15.48
366,Qianan,CN,2021-10-17 02:06:19,44.9932,124.0581,37.4,22,59,14.58
367,Road Town,VG,2021-10-17 02:06:19,18.4167,-64.6167,83.19,74,63,4.09
368,Anadyr,RU,2021-10-17 02:06:19,64.75,177.4833,26.01,86,54,15.01
369,Atar,MR,2021-10-17 02:06:20,20.5169,-13.0499,85.35,14,100,8.39
370,Macamic,CA,2021-10-17 02:06:20,48.7502,-78.9996,46.45,85,100,9.93
371,Zatyshshya,UA,2021-10-17 02:06:20,47.3335,29.8733,47.93,78,100,7.38
372,Marau,BR,2021-10-17 02:06:21,-28.4492,-52.2,53.49,95,82,7.94
373,Kjollefjord,NO,2021-10-17 02:06:21,70.9457,27.3465,38.66,93,100,25.5
374,Pindwara,IN,2021-10-17 02:06:21,24.8,73.0667,76.05,39,98,3.76
375,Aklavik,CA,2021-10-17 02:06:22,68.2191,-135.0107,25.59,83,100,5.06
376,Avera,US,2021-10-17 02:06:22,33.194,-82.5271,63.72,53,0,11.7
377,Bathsheba,BB,2021-10-17 02:06:22,13.2167,-59.5167,81.21,83,20,6.91
378,Jaciara,BR,2021-10-17 02:04:02,-15.9653,-54.9683,73.58,90,100,3.6
379,Gallup,US,2021-10-17 02:06:23,35.5281,-108.7426,54.36,34,1,1.01
380,Ahero,KE,2021-10-17 02:06:23,-0.1746,34.9163,68.99,73,97,4.32
381,Santa Cruz,BO,2021-10-17 02:05:02,-17.8,-63.1667,67.46,83,75,3.44
382,Nongpoh,IN,2021-10-17 02:06:24,25.9,91.8833,76.57,73,75,2.98
383,Kolaras,IN,2021-10-17 02:06:24,25.2333,77.6,75.24,82,76,6.8
384,Manjakandriana,MG,2021-10-17 02:06:24,-18.9167,47.8,49.69,95,12,2.06
385,Ous,RU,2021-10-17 02:06:25,60.9058,61.5186,40.87,76,100,8.7
386,Vestmannaeyjar,IS,2021-10-17 02:06:25,63.4427,-20.2734,40.39,82,100,26.57
387,Hualmay,PE,2021-10-17 02:06:26,-11.0964,-77.6139,63.97,85,100,11.41
388,Szprotawa,PL,2021-10-17 02:06:26,51.5656,15.5366,47.23,85,65,4.65
389,San Jeronimo,PE,2021-10-17 02:06:27,-11.9472,-75.2829,52.45,71,100,4.07
390,Nioro,GM,2021-10-17 02:06:27,13.35,-15.75,75.06,85,24,5.37
391,Moshny,UA,2021-10-17 02:06:28,49.5147,31.7476,44.65,91,99,4.81
392,Cockburn Town,TC,2021-10-17 02:06:28,21.4612,-71.1419,82.06,75,100,8.7
393,Binga,ZW,2021-10-17 02:06:28,-17.6203,27.3414,74.91,40,5,2.21
394,Winfield,US,2021-10-17 02:06:29,37.2398,-96.9956,58.73,58,1,4.61
395,Tamiahua,MX,2021-10-17 02:06:29,21.2667,-97.45,74.75,70,100,21.77
396,George,ZA,2021-10-17 02:06:29,-33.963,22.4617,51.53,61,69,9.86
397,Porto Velho,BR,2021-10-17 02:06:30,-8.7619,-63.9039,77.05,83,40,3.44
398,Okhotsk,RU,2021-10-17 02:06:30,59.3833,143.3,22.23,51,0,9.53
399,Saint-Louis,SN,2021-10-17 02:06:30,16.3333,-15.0,82.11,59,82,9.13
400,Newcastle,AU,2021-10-17 02:04:27,-32.9272,151.7765,75.92,45,0,3.0
401,Riberalta,BO,2021-10-17 02:06:31,-10.9833,-66.1,72.19,95,100,3.94
402,Coihaique,CL,2021-10-17 02:03:02,-45.5752,-72.0662,40.08,96,80,6.42
403,Belmonte,BR,2021-10-17 02:06:32,-15.8631,-38.8828,77.5,84,100,9.13
404,Severka,RU,2021-10-17 02:06:32,56.8688,60.3015,27.84,73,73,7.29
405,Hambantota,LK,2021-10-17 02:06:32,6.1241,81.1185,79.14,100,20,10.36
406,Yulara,AU,2021-10-17 02:06:33,-25.2406,130.9889,85.84,14,90,9.22
407,Kaeo,NZ,2021-10-17 02:06:33,-35.1,173.7833,63.32,93,100,15.21
408,Barkot,IN,2021-10-17 02:06:34,30.8167,78.2,66.27,48,45,4.25
409,Sungaipenuh,ID,2021-10-17 02:06:34,-2.0833,101.3833,73.96,75,100,0.96
410,Port Macquarie,AU,2021-10-17 02:06:34,-31.4333,152.9167,75.88,41,0,9.86
411,Rocha,UY,2021-10-17 02:02:15,-34.4833,-54.3333,42.57,72,0,4.25
412,Muhos,FI,2021-10-17 02:06:35,64.808,25.9931,37.18,97,100,10.45
413,Emerald,AU,2021-10-17 02:06:35,-23.5333,148.1667,87.35,13,0,2.82
414,Fortuna,US,2021-10-17 02:06:36,40.5982,-124.1573,61.2,69,1,0.0
415,Hamilton,US,2021-10-17 02:04:11,39.1834,-84.5333,53.47,72,1,1.01
416,Los Llanos De Aridane,ES,2021-10-17 02:06:36,28.6585,-17.9182,65.95,88,0,6.91
417,Kropotkin,RU,2021-10-17 02:06:37,45.4375,40.5756,56.34,74,100,3.04
418,Kununurra,AU,2021-10-17 02:06:37,-15.7667,128.7333,96.78,32,100,9.22
419,Margate,GB,2021-10-17 02:06:38,51.3813,1.3862,57.31,91,100,14.58
420,Octeville,FR,2021-10-17 02:06:38,49.6261,-1.6435,57.92,93,98,6.91
421,Sokolo,ML,2021-10-17 02:06:38,14.7328,-6.1219,85.48,37,80,4.34
422,Lodwar,KE,2021-10-17 02:06:39,3.1191,35.5973,81.73,50,48,6.15
423,Aykhal,RU,2021-10-17 02:06:39,66.0,111.5,12.56,96,91,3.83
424,Sanchor,IN,2021-10-17 02:06:40,24.7553,71.7722,79.52,24,0,4.65
425,Sept-Iles,CA,2021-10-17 02:02:53,50.2001,-66.3821,48.72,96,90,10.0
426,Dunmore Town,BS,2021-10-17 02:06:40,25.5,-76.65,81.3,67,4,9.06
427,Krems,AT,2021-10-17 02:06:41,48.4092,15.6142,46.04,95,0,0.96
428,Siirt,TR,2021-10-17 02:06:41,37.9326,41.9403,58.87,36,0,1.92
429,Hailar,CN,2021-10-17 02:06:41,49.2,119.7,32.49,44,100,10.74
430,Selikhino,RU,2021-10-17 02:06:42,50.3672,137.4996,30.16,76,100,16.96
431,Pacific Grove,US,2021-10-17 02:06:42,36.6177,-121.9166,71.96,50,1,8.01
432,Mildura,AU,2021-10-17 02:06:43,-34.2,142.15,69.08,49,14,6.89
433,Maracaibo,VE,2021-10-17 02:06:43,10.6317,-71.6406,77.27,87,100,8.93
434,Gerash,IR,2021-10-17 02:06:43,27.6652,54.1371,70.03,17,0,3.09
435,Cap-Aux-Meules,CA,2021-10-17 02:06:44,47.3821,-61.8597,52.02,79,46,14.85
436,Celestun,MX,2021-10-17 02:06:44,20.8667,-90.4,80.24,81,55,12.03
437,Puebloviejo,CO,2021-10-17 02:06:45,10.9938,-74.2844,79.0,94,75,5.75
438,Halifax,CA,2021-10-17 02:05:04,44.6453,-63.5724,60.22,87,100,1.99
439,Mount Isa,AU,2021-10-17 02:06:45,-20.7333,139.5,91.17,12,0,8.05
440,Paredon,MX,2021-10-17 02:06:46,16.0333,-93.8667,81.52,67,97,15.59
441,Penzance,GB,2021-10-17 02:06:46,50.1186,-5.5371,56.77,87,100,13.15
442,Santa Isabel,BR,2021-10-17 02:06:46,-23.3156,-46.2214,67.66,96,100,3.11
443,Aksha,RU,2021-10-17 02:06:47,50.2814,113.2867,39.72,47,70,14.0
444,Rundu,NA,2021-10-17 02:06:47,-17.9333,19.7667,69.39,18,46,9.95
445,Arman,RU,2021-10-17 02:06:47,59.7,150.1667,21.61,41,1,7.9
446,Kindu,CD,2021-10-17 02:06:48,-2.95,25.95,69.44,95,99,0.54
447,Sivas,TR,2021-10-17 02:06:48,39.7916,37.0019,50.63,53,0,4.61
448,Tyrma,RU,2021-10-17 02:06:49,50.0833,132.1667,27.16,50,5,9.73
449,Abha,SA,2021-10-17 02:06:49,18.2164,42.5053,57.45,21,0,5.75
450,Auki,SB,2021-10-17 02:06:49,-8.7676,160.7034,85.59,65,100,5.06
451,Sao Filipe,CV,2021-10-17 02:03:48,14.8961,-24.4956,78.28,78,26,7.94
452,Iringa,TZ,2021-10-17 02:06:50,-7.7667,35.7,59.68,68,38,2.51
453,Talnakh,RU,2021-10-17 02:06:50,69.4865,88.3972,31.01,98,100,13.18
454,Manicore,BR,2021-10-17 02:06:51,-5.8092,-61.3003,79.75,70,81,2.64
455,Thap Than,TH,2021-10-17 02:06:51,15.4606,99.8917,73.26,93,100,2.08
456,Kinango,KE,2021-10-17 02:06:51,-4.1372,39.3153,71.01,87,77,4.34
457,Waipawa,NZ,2021-10-17 02:06:52,-41.4122,175.5153,59.63,59,97,16.11
458,Verkhoyansk,RU,2021-10-17 02:06:52,67.5447,133.385,9.1,89,90,2.26
459,Hay River,CA,2021-10-17 02:06:52,60.8156,-115.7999,35.2,75,7,6.8
460,Les Cayes,HT,2021-10-17 02:06:53,18.2,-73.75,79.18,82,100,3.24
461,Rincon,US,2021-10-17 02:06:53,32.296,-81.2354,74.86,56,1,12.66
462,Rio Grande,BR,2021-10-17 02:05:41,-32.035,-52.0986,47.95,64,9,5.73
463,Gua Musang,MY,2021-10-17 02:06:54,4.8823,101.9644,82.54,78,87,0.85
464,Acapulco,MX,2021-10-17 02:02:04,16.8634,-99.8901,80.74,82,19,2.44
465,Harper,LR,2021-10-17 02:06:54,4.375,-7.7169,77.47,88,88,6.46
466,Jumla,NP,2021-10-17 02:06:55,29.2747,82.1838,60.42,42,48,3.33
467,Snasa,NO,2021-10-17 02:06:55,64.2457,12.3778,39.13,75,99,16.55
468,Gizo,SB,2021-10-17 02:06:55,-8.103,156.8419,84.87,67,48,5.64
469,Chapais,CA,2021-10-17 02:06:56,49.7834,-74.8492,51.58,93,100,11.74
470,Southbridge,US,2021-10-17 02:06:56,42.0751,-72.0334,71.98,93,91,1.01
471,Killarney,IE,2021-10-17 02:06:57,52.05,-9.5167,58.03,99,100,3.71
472,Camocim,BR,2021-10-17 02:06:57,-2.9022,-40.8411,79.68,78,99,14.05
473,Constitucion,CL,2021-10-17 02:06:58,-35.3333,-72.4167,51.42,88,100,12.21
474,Jasper,US,2021-10-17 02:06:58,37.2001,-94.3502,51.82,73,1,0.0
475,Uvira,CD,2021-10-17 02:06:59,-3.4067,29.1458,73.22,81,76,4.16
476,Saint-Georges,GD,2021-10-17 02:06:59,12.0564,-61.7485,82.92,78,6,12.66
477,Flinders,AU,2021-10-17 02:07:00,-34.5833,150.8552,71.8,56,9,4.0
478,Mehamn,NO,2021-10-17 02:07:00,71.0357,27.8492,38.35,94,100,25.5
479,Tiarei,PF,2021-10-17 02:07:01,-17.5333,-149.3333,87.82,71,5,17.65
480,Houma,US,2021-10-17 02:07:02,29.5958,-90.7195,68.0,62,89,11.86
481,Kampene,CD,2021-10-17 02:07:02,-3.6,26.6667,68.68,95,98,0.87
482,Riyadh,SA,2021-10-17 02:02:13,24.6877,46.7219,79.03,20,0,4.38
483,Santo Amaro Da Imperatriz,BR,2021-10-17 02:07:03,-27.6881,-48.7786,65.77,93,100,2.46
484,Chilca,PE,2021-10-17 02:07:03,-12.5211,-76.7372,65.61,90,100,7.47
485,Karangampel,ID,2021-10-17 02:07:04,-6.4622,108.4519,86.92,59,100,4.25
486,Mocuba,MZ,2021-10-17 02:07:04,-16.8392,36.9856,79.74,46,0,8.34
487,El Alto,PE,2021-10-17 02:07:04,-4.2714,-81.2147,63.28,88,97,16.98
488,Utrecht,NL,2021-10-17 02:05:02,52.0,5.25,52.99,76,99,7.16
489,Santa Maria,BR,2021-10-17 02:05:16,-29.6842,-53.8069,56.08,91,95,7.4
490,Roma,US,2021-10-17 02:07:05,43.2128,-75.4557,55.26,94,90,9.22
491,Dali,CN,2021-10-17 02:07:06,25.7,100.1833,57.24,86,95,3.47
492,Urusha,RU,2021-10-17 02:07:06,54.05,122.9,25.74,36,28,1.57
493,Tevaitoa,PF,2021-10-17 02:07:07,-16.7833,-151.5,80.58,73,4,18.05
494,Idil,TR,2021-10-17 02:07:07,37.3411,41.8895,63.48,27,0,4.07
495,Padre Bernardo,BR,2021-10-17 02:07:07,-15.35,-48.5,75.6,64,100,2.04
496,Tomatlan,MX,2021-10-17 02:07:08,19.9333,-105.25,76.69,93,21,1.81
497,Dudinka,RU,2021-10-17 02:07:08,69.4058,86.1778,33.1,98,100,19.06
498,Mae Ramat,TH,2021-10-17 02:07:09,16.984,98.5166,74.34,97,100,2.28
499,Oranjemund,NA,2021-10-17 02:07:09,-28.55,16.4333,52.95,73,6,13.85
500,Trat,TH,2021-10-17 02:07:09,12.5,102.5,80.98,96,100,2.68
501,Honavar,IN,2021-10-17 02:07:10,14.2833,74.45,77.29,91,100,3.2
502,Richards Bay,ZA,2021-10-17 02:07:10,-28.783,32.0377,65.75,82,100,14.29
503,Hashtrud,IR,2021-10-17 02:07:10,37.4779,47.0508,53.24,56,0,2.71
504,Camacha,PT,2021-10-17 02:07:11,33.0833,-16.3333,63.82,94,20,3.44
505,Mihijam,IN,2021-10-17 02:07:12,23.8526,86.8788,80.53,80,73,6.38
506,Takehara,JP,2021-10-17 02:07:12,34.3383,132.9167,69.6,63,74,17.22
507,Yichang,CN,2021-10-17 02:07:12,30.7144,111.2847,55.89,68,100,2.57
508,Safaga,EG,2021-10-17 02:07:13,26.7292,33.9365,84.0,32,0,17.09
509,Mahdasht,IR,2021-10-17 02:07:13,35.7299,50.8111,62.82,25,4,4.88
510,Tevriz,RU,2021-10-17 02:07:13,57.509,72.4042,41.74,82,100,5.03
511,Chicama,PE,2021-10-17 02:07:14,-7.8447,-79.1469,65.01,83,96,6.2
512,Umm Kaddadah,SD,2021-10-17 02:07:14,13.6017,26.6876,82.78,18,17,9.73
513,Warrington,GB,2021-10-17 02:07:15,53.3925,-2.5802,55.87,91,20,1.01
514,Kitob,UZ,2021-10-17 02:07:15,39.0843,66.8332,50.58,23,84,2.26
515,Campo Grande,BR,2021-10-17 02:07:06,-20.4428,-54.6464,69.35,88,75,2.3
516,Ripoll,ES,2021-10-17 02:07:15,42.2006,2.1903,57.15,85,4,3.71
517,Talcahuano,CL,2021-10-17 02:07:16,-36.7167,-73.1167,49.68,87,0,9.22
518,Uruzgan,AF,2021-10-17 02:07:16,32.8333,66.0,49.06,15,0,2.42
519,Moorhead,US,2021-10-17 02:07:17,46.8739,-96.7676,49.98,56,1,1.99
520,Kabanjahe,ID,2021-10-17 02:07:17,3.1001,98.4908,74.34,63,34,1.32
521,Miandrivazo,MG,2021-10-17 02:07:18,-19.5167,45.4667,74.75,72,0,0.25
522,Soligalich,RU,2021-10-17 02:07:18,59.0778,42.2864,37.98,92,59,10.22
523,Los Andes,CL,2021-10-17 02:03:50,-32.8337,-70.5983,57.58,42,0,1.36
524,Ketchikan,US,2021-10-17 02:07:19,55.3422,-131.6461,41.94,83,100,1.54
525,Shingu,JP,2021-10-17 02:07:19,33.7333,135.9833,66.69,67,100,5.97
526,Maryville,US,2021-10-17 02:03:21,35.7565,-83.9705,53.49,83,0,1.01
527,Natchez,US,2021-10-17 02:07:20,31.5604,-91.4032,58.89,72,1,3.44
528,Svetlyy,RU,2021-10-17 02:07:20,54.675,20.1347,48.25,72,100,16.53
529,Neftcala,AZ,2021-10-17 02:07:21,39.3742,49.2472,64.18,87,21,4.41
530,Shimoda,JP,2021-10-17 02:07:21,34.6667,138.95,68.11,83,100,15.68
531,Makarov,RU,2021-10-17 02:07:21,48.6333,142.8,35.71,78,43,27.09
532,Pangkalanbuun,ID,2021-10-17 02:07:22,-2.6833,111.6167,86.61,69,97,2.57
533,Shelburne,CA,2021-10-17 02:07:22,44.0787,-80.2041,47.75,96,31,12.53
534,Dubti,ET,2021-10-17 02:07:23,11.7361,41.0853,85.91,41,4,5.59
535,Telhara,IN,2021-10-17 02:07:23,21.0269,76.8389,74.14,95,100,6.78
536,Bandarbeyla,SO,2021-10-17 02:07:24,9.4942,50.8122,76.86,91,52,14.52
537,Songjianghe,CN,2021-10-17 02:07:24,42.1859,127.479,30.92,23,0,7.74
538,Morris,US,2021-10-17 02:06:01,40.8334,-74.5329,57.61,88,90,1.01
539,Husavik,IS,2021-10-17 02:07:24,66.0449,-17.3389,30.06,88,98,5.23
540,Lorengau,PG,2021-10-17 02:07:25,-2.0226,147.2712,87.21,61,98,9.08
541,Teguise,ES,2021-10-17 02:07:25,29.0605,-13.564,64.62,37,0,1.14
542,Te Anau,NZ,2021-10-17 02:07:25,-45.4167,167.7167,52.32,94,100,5.55
543,Havre-Saint-Pierre,CA,2021-10-17 02:07:26,50.2334,-63.5986,44.96,93,75,8.05
544,Mangan,IN,2021-10-17 02:07:26,27.5167,88.5333,79.48,50,100,1.28
545,Neuquen,AR,2021-10-17 02:06:07,-38.9516,-68.0591,57.09,51,0,5.75
546,Mantua,IT,2021-10-17 02:04:00,45.1667,10.7833,58.33,70,0,3.58
547,Santiago,CL,2021-10-17 02:07:27,-33.4569,-70.6483,60.85,48,0,8.05
548,Grants,US,2021-10-17 02:07:27,35.1473,-107.8514,50.23,25,1,8.05
549,Mizan Teferi,ET,2021-10-17 02:07:28,6.9833,35.5833,65.05,76,98,2.95
550,Ahipara,NZ,2021-10-17 02:07:28,-35.1667,173.1667,61.97,86,100,16.35
551,Svetlogorsk,BY,2021-10-17 02:07:28,52.6333,29.7333,39.18,93,98,6.46
552,Omsukchan,RU,2021-10-17 02:07:29,62.5333,155.8,6.3,83,100,6.17
553,Majene,ID,2021-10-17 02:07:29,-3.5403,118.9707,86.38,68,92,0.98
554,Tortoli,IT,2021-10-17 02:07:30,39.9256,9.6572,59.41,81,21,3.51
555,Tazmalt,DZ,2021-10-17 02:07:30,36.3868,4.3989,62.49,56,100,0.6
556,Vila Franca Do Campo,PT,2021-10-17 02:07:30,37.7167,-25.4333,73.81,94,100,23.11
557,Tarpon Springs,US,2021-10-17 02:05:37,28.1461,-82.7568,82.42,81,75,5.01
558,Pingzhuang,CN,2021-10-17 02:07:31,42.0372,119.2889,42.69,18,0,7.74
559,Kholm,RU,2021-10-17 02:07:31,59.2667,32.85,40.89,88,100,12.8
560,Zasheyek,RU,2021-10-17 02:07:32,67.4066,32.5499,33.85,93,100,3.85
561,Alice Springs,AU,2021-10-17 02:07:32,-23.7,133.8833,85.55,13,48,12.66
562,Thinadhoo,MV,2021-10-17 02:03:39,0.5333,72.9333,82.89,73,100,15.9
563,Abnub,EG,2021-10-17 02:07:33,27.2696,31.1511,75.67,25,0,7.74
564,San Vicente,AR,2021-10-17 02:07:33,-26.6167,-54.1333,58.12,89,87,4.9
565,Paita,PE,2021-10-17 02:07:34,-5.0892,-81.1144,64.63,87,74,13.35
566,Atambua,ID,2021-10-17 02:07:34,-9.1061,124.8925,88.23,54,8,4.65
567,Katangli,RU,2021-10-17 02:07:34,51.7102,143.2326,38.53,63,71,12.15
568,Gwadar,PK,2021-10-17 02:07:35,25.1216,62.3254,79.65,35,0,7.2
569,Marshall,US,2021-10-17 02:07:35,34.3834,-86.3333,55.15,65,1,3.44
570,Valera,VE,2021-10-17 02:07:36,9.3178,-70.6036,72.21,95,100,4.97
571,Warrnambool,AU,2021-10-17 02:07:36,-38.3833,142.4833,57.81,64,99,9.19
572,Takoradi,GH,2021-10-17 02:07:37,4.8845,-1.7554,77.43,90,80,7.34
573,Peabiru,BR,2021-10-17 02:07:37,-23.9128,-52.3431,66.4,94,63,1.59
574,Koungou,YT,2021-10-17 02:07:38,-12.7336,45.2042,76.71,83,75,10.36
575,Salvador,SV,2021-10-17 02:07:38,13.8333,-88.9167,63.0,96,99,0.49
576,Mecca,SA,2021-10-17 02:07:39,21.4267,39.8261,83.57,23,0,4.43
577,Alyangula,AU,2021-10-17 02:07:39,-13.8483,136.4192,87.82,57,70,9.82
578,Wajir,KE,2021-10-17 02:07:39,1.7471,40.0573,75.65,63,99,13.89
